match_id,game_commit,turns,duration_seconds,winner,result_reason,player_a_deck_id,player_b_deck_id,player_a_life,player_b_life,issues_found,path
series-01-room-2546,05be3b6074b2d83e8b1bb83fc3c20c204ad37d5d,23,5760,player_b,hero_killed,WIND-RUSH-001,ARCANE-CONTROL-001,0,5,https://github.com/Yifeeeeei/EraOfArcaneGame/issues/109,matches/2026-07/series-01-room-2546
series-02-room-0707,05be3b6074b2d83e8b1bb83fc3c20c204ad37d5d,15,,player_a,hero_killed,WIND-RUSH-002,ARCANE-CONTROL-002,5,0,https://github.com/Yifeeeeei/EraOfArcaneGame/issues/110,matches/2026-07/series-02-room-0707
series-03-room-7736,05be3b6074b2d83e8b1bb83fc3c20c204ad37d5d,4,,player_a,hero_killed,WIND-RUSH-003,ARCANE-CONTROL-003,6,0,,matches/2026-07/series-03-room-7736
series-04-room-7618,05be3b6074b2d83e8b1bb83fc3c20c204ad37d5d,4,,player_a,hero_killed,WIND-RUSH-003,ARCANE-CONTROL-004,6,0,,matches/2026-07/series-04-room-7618
series-05-room-5138,05be3b6074b2d83e8b1bb83fc3c20c204ad37d5d,17,3538,player_a,hero_killed,WIND-RUSH-004,ARCANE-CONTROL-005,4,0,,matches/2026-07/series-05-room-5138
series-06-room-7249,05be3b6074b2d83e8b1bb83fc3c20c204ad37d5d,9,2110,player_b,hero_killed,WIND-RUSH-003,ARCANE-CONTROL-006,0,4,,matches/2026-07/series-06-room-7249
series-07-room-8183,05be3b6074b2d83e8b1bb83fc3c20c204ad37d5d,6,,player_b,hero_killed,WIND-RUSH-003,ARCANE-CONTROL-006,-1,2,https://github.com/Yifeeeeei/EraOfArcaneGame/issues/111,matches/2026-07/series-07-room-8183
series-08-room-6138,05be3b6074b2d83e8b1bb83fc3c20c204ad37d5d,7,1606,player_b,hero_killed,WIND-RUSH-005,ARCANE-CONTROL-006,-1,1,,matches/2026-07/series-08-room-6138
series-09-room-0057,05be3b6074b2d83e8b1bb83fc3c20c204ad37d5d,6,,player_b,hero_killed,FIRE-BURN-001,ARCANE-CONTROL-006,0,2,,matches/2026-07/series-09-room-0057
series-10-room-9209,05be3b6074b2d83e8b1bb83fc3c20c204ad37d5d,6,1920,player_a,hero_killed,FIRE-BURN-002,WATER-PRESSURE-LIFE-001,4,-1,https://github.com/Yifeeeeei/EraOfArcaneGame/issues/112,matches/2026-07/series-10-room-9209
series-11-room-1398,05be3b6074b2d83e8b1bb83fc3c20c204ad37d5d,8,1628,player_a,hero_killed,FIRE-BURN-003,WATER-PRESSURE-LIFE-001,3,0,,matches/2026-07/series-11-room-1398
series-12-room-1320,05be3b6074b2d83e8b1bb83fc3c20c204ad37d5d,10,,player_a,hero_killed,FIRE-BURN-003,WATER-PRESSURE-WOLF-001,6,0,,matches/2026-07/series-12-room-1320
series-13-room-7456,05be3b6074b2d83e8b1bb83fc3c20c204ad37d5d,7,,player_a,hero_killed,FIRE-BURN-004,WATER-PRESSURE-SCRY-001,5,0,,matches/2026-07/series-13-room-7456
series-14-room-9544,261247af08dd681f738c8ea0ccb2f01cba5abfad,11,1248,player_a,hero_killed,FIRE-BURN-004,WATER-PRESSURE-SCRY-001,6,0,,matches/2026-07/series-14-room-9544
series-15-room-3951,261247af08dd681f738c8ea0ccb2f01cba5abfad,15,1707,player_b,hero_killed,WATER-PRESSURE-SCRY-001,FIRE-BURN-004,0,4,,matches/2026-07/series-15-room-3951
series-16-room-2570,261247af08dd681f738c8ea0ccb2f01cba5abfad,19,1819,player_b,hero_killed,WIND-RUSH-005,FIRE-BURN-004,0,5,,matches/2026-07/series-16-room-2570
series-17-room-4286,261247af08dd681f738c8ea0ccb2f01cba5abfad,10,959,player_a,hero_killed,FIRE-BURN-004,WIND-RUSH-005,5,0,https://github.com/Yifeeeeei/EraOfArcaneGame/issues/124,matches/2026-07/series-17-room-4286
series-18-room-0731,261247af08dd681f738c8ea0ccb2f01cba5abfad,26,2633,player_b,hero_killed,WATER-PRESSURE-SCRY-001,WIND-RUSH-005,0,2,,matches/2026-07/series-18-room-0731
series-19-room-3718,261247af08dd681f738c8ea0ccb2f01cba5abfad,12,1204,player_b,hero_killed,WIND-RUSH-005,WATER-PRESSURE-SCRY-001,0,4,https://github.com/Yifeeeeei/EraOfArcaneGame/issues/125,matches/2026-07/series-19-room-3718
series-20-room-2976,261247af08dd681f738c8ea0ccb2f01cba5abfad,10,1045,player_a,hero_killed,FIRE-BURN-004,WATER-PRESSURE-SCRY-001,5,0,,matches/2026-07/series-20-room-2976
series-21-room-8085,261247af08dd681f738c8ea0ccb2f01cba5abfad,20,2647,player_a,hero_killed,WATER-PRESSURE-SCRY-001,FIRE-BURN-004,4,0,,matches/2026-07/series-21-room-8085
series-22-room-2714,e6908601d0ffd7f538d6eae22d9bd7c18d5c8ecb,13,2917,player_a,hero_killed,ROYAL-SURVIVAL-FIRE-001,WIND-RUSH-005,6,0,,matches/2026-08/series-22-room-2714
series-23-room-5788,e6908601d0ffd7f538d6eae22d9bd7c18d5c8ecb,15,2137,player_a,hero_killed,ROYAL-SURVIVAL-FIRE-001,WIND-RUSH-006,2,0,,matches/2026-08/series-23-room-5788
series-24-room-5281,e6908601d0ffd7f538d6eae22d9bd7c18d5c8ecb,9,981,player_a,hero_killed,ROYAL-SURVIVAL-FIRE-002,WIND-RUSH-007,2,0,,matches/2026-08/series-24-room-5281
series-25-room-6658,e6908601d0ffd7f538d6eae22d9bd7c18d5c8ecb,30,3341,draw,adjudicated_stable_loop,EARTH-SHIELD-MENAGERIE-001,WINDLESS-BLOOD-GARDEN-001,2,6,https://github.com/Yifeeeeei/EraOfArcaneGame/issues/146,matches/2026-08/series-25-room-6658
series-26-room-4685,e6908601d0ffd7f538d6eae22d9bd7c18d5c8ecb,10,1027,player_b,hero_killed,EARTH-MOBILE-BEATDOWN-002,WINDLESS-BLOOD-GARDEN-002,0,6,,matches/2026-08/series-26-room-4685
series-27-room-0313,e6908601d0ffd7f538d6eae22d9bd7c18d5c8ecb,12,1714,player_a,hero_killed_issue_contaminated,EARTH-MOBILE-BEATDOWN-003,WINDLESS-BLOOD-GARDEN-002,2,0,https://github.com/Yifeeeeei/EraOfArcaneGame/issues/147,matches/2026-08/series-27-room-0313
series-28-room-8508,e6908601d0ffd7f538d6eae22d9bd7c18d5c8ecb,38,3379,draw,contaminated_adjudicated_draw,EARTH-MOBILE-BEATDOWN-003,LIGHT-GRACE-MIDRANGE-001,,,https://github.com/Yifeeeeei/EraOfArcaneGame/issues/146 https://github.com/Yifeeeeei/EraOfArcaneGame/issues/147 https://github.com/Yifeeeeei/EraOfArcaneGame/issues/148 https://github.com/Yifeeeeei/EraOfArcaneGame/issues/149,matches/2026-08/series-28-room-8508
series-29-room-8857,e6908601d0ffd7f538d6eae22d9bd7c18d5c8ecb,28,3818,player_b,hero_killed,ROYAL-MIST-GRAVE-CLOCK-001,LIGHT-GRACE-MIDRANGE-002,-1,3,https://github.com/Yifeeeeei/EraOfArcaneGame/issues/149,matches/2026-08/series-29-room-8857
